TransactionID,CustomerID,StoreID,EmployeeID,PromotionID,PaymentMethod,TotalAmount
TRN-9001,CUST-1019,STO-01,EMP-0103,PROMO-02,Mobile Payment,670.5
TRN-9002,CUST-1113,STO-04,EMP-0404,PROMO-03,Debit Card,61.75
TRN-9003,CUST-1125,STO-03,EMP-0303,PROMO-01,Cash,306.0
TRN-9004,CUST-1009,STO-02,EMP-0205,PROMO-02,Debit Card,569.7
TRN-9005,CUST-1167,STO-04,EMP-0105,PROMO-00,Credit Card,60.0
TRN-9006,CUST-1019,STO-04,EMP-0405,PROMO-00,Cash,306.0
TRN-9007,CUST-1145, STO-02 ,EMP-0203,PROMO-03,Credit Card,421.8
TRN-9008,CUST-1039,STO-02,EMP-0203,PROMO-02,Debit Card,171.0
TRN-9009,CUST-1141,STO-01,EMP-0104, PROMO-00 ,Cash,293.0
TRN-9010,CUST-1143,STO-04,EMP-0201,PROMO-02,Cash,264.6
TRN-9011,CUST-1030, STO-02 ,EMP-0204, PROMO-00 ,Debit Card,55.0
TRN-9012,CUST-1146,STO-02,EMP-0205,PROMO-00,Debit Card,295.0
TRN-9013,CUST-1181,STO-04,EMP-0404,PROMO-00,Debit Card,360.0
TRN-9014,CUST-1168, STO-04 ,EMP-0402,PROMO-03,Cash,299.25
TRN-9014,CUST-1168,STO-04,EMP-0402,PROMO-03,Cash,299.25
TRN-9016,CUST-1154,STO-01,EMP-0103,PROMO-00,Cash,195.0
TRN-9017,CUST-1010,STO-02,EMP-0205,PROMO-00,Debit Card,250.0
TRN-9018,CUST-1189,STO-03,EMP-0305,PROMO-00, Debit Card ,414.0
TRN-9019,CUST-1044,STO-04,EMP-0401,PROMO-00,Mobile Payment,50.0
TRN-9021,CUST-1028,STO-04,EMP-0402, PROMO-00 ,Credit Card,123.0
TRN-9022,CUST-1162,STO-01,EMP-0101,PROMO-00,Cash,211.0
TRN-9024,CUST-1013,STO-03,EMP-0305,PROMO-00,Debit Card,340.0
TRN-9025,CUST-1053,STO-01,EMP-0104,PROMO-01,Cash,276.25
TRN-9026,CUST-1099,STO-04,EMP-0402,PROMO-00,Debit Card,360.0
TRN-9027,CUST-1153,STO-04,EMP-0405,PROMO-01,Debit Card,212.5
TRN-9028,CUST-1010,STO-02,EMP-0204,PROMO-03,Mobile Payment,165.3
TRN-9014,CUST-1008,STO-04,EMP-0405,PROMO-00,Mobile Payment,238.0
TRN-9030,CUST-1104,STO-01,EMP-0101,PROMO-00,Credit Card,444.0
TRN-9031,CUST-1125,STO-04,EMP-0403,PROMO-00,Debit Card,315.0
TRN-9014,CUST-1181,STO-01,EMP-0105,PROMO-00,Mobile Payment,365.0
TRN-9033,CUST-1142,STO-03,EMP-0301,PROMO-00,Debit Card,245.0
TRN-9034,CUST-1025,STO-02,EMP-0201,PROMO-02,Mobile Payment,239.4
TRN-9035,CUST-1050,STO-01,EMP-0102,PROMO-00,Cash,546.0
TRN-9036,CUST-1072,STO-01,EMP-0201,PROMO-00, Mobile Payment ,350.0
TRN-9037,CUST-1126, STO-04 ,EMP-0401,PROMO-00,Mobile Payment,85.0
TRN-9038,CUST-1029,STO-03,EMP-0301,PROMO-02,Credit Card,202.5
TRN-9039,CUST-1007,STO-02,EMP-0201,PROMO-00,Cash,423.0
TRN-9040,CUST-1111,STO-04,EMP-0405,PROMO-00,Cash,376.0
TRN-9041,CUST-1049,STO-04,EMP-0403,PROMO-00,Cash,311.0
 TRN-9042 ,CUST-1112,STO-02, EMP-0202 ,PROMO-00,Mobile Payment,225.0
TRN-9043,CUST-1154,STO-02,EMP-0205,PROMO-00,Credit Card,340.0
TRN-9044,CUST-1090,STO-02,EMP-0203,PROMO-00,Debit Card,285.0
TRN-9045,CUST-1146,STO-04,EMP-0201,PROMO-00,Cash,532.0
TRN-9046,CUST-1149,STO-03,EMP-0302,PROMO-00,Cash,759.0
TRN-9047,CUST-1106,STO-01,EMP-0102,PROMO-00,Credit Card,190.0
TRN-9048,CUST-1007,STO-04,EMP-0403,PROMO-00,Mobile Payment,315.0
TRN-9049,CUST-1114,STO-03,EMP-0302,PROMO-00,Debit Card,470.0
TRN-9050,CUST-1049,STO-03,EMP-0304,PROMO-01,Debit Card,401.2
TRN-9051,CUST-1006,STO-04,EMP-0404,PROMO-00, Cash ,224.0
TRN-9052,CUST-1048,STO-01,EMP-0104,PROMO-00,Cash,160.0
TRN-9053,CUST-1157,STO-01,EMP-0105,PROMO-00,Credit Card,260.0
TRN-9054,CUST-1007,STO-02,EMP-0203,PROMO-00,Mobile Payment,116.0
TRN-9055,CUST-1162,STO-01,EMP-0105,PROMO-00,Cash,495.0
TRN-9057,CUST-1003,STO-01,EMP-0103,PROMO-03,Mobile Payment,114.0
TRN-9014,CUST-1013,STO-03, EMP-0303 ,PROMO-00,Credit Card,444.0
TRN-9059,CUST-1090,STO-01,EMP-0105,PROMO-02,Cash,364.5
TRN-9060,CUST-1139,STO-04,EMP-0404,PROMO-00,Cash,285.0
TRN-9014,CUST-1138,STO-02,EMP-0201,PROMO-00,Cash,410.0
TRN-9062,CUST-1142,STO-04,EMP-0404,PROMO-00,Mobile Payment,85.0
TRN-9063,CUST-1007,STO-01,EMP-0102,PROMO-03,Credit Card,413.25
TRN-9064,CUST-1129,STO-01,EMP-0103,PROMO-03,Cash,47.5
TRN-9066,CUST-1141,STO-04,EMP-0403,PROMO-00,Mobile Payment,388.0
TRN-9014,CUST-1192,STO-04, EMP-0405 , PROMO-02 ,Debit Card,585.9
TRN-9068,CUST-1092,STO-03,EMP-0303,PROMO-00,Credit Card,174.0
TRN-9069,CUST-1149,STO-02,EMP-0201,PROMO-00,Mobile Payment,576.0
TRN-9070,CUST-1193,STO-04,EMP-0404,PROMO-03,Cash,345.8
TRN-9071,CUST-1039,STO-01,EMP-0105,PROMO-03, Mobile Payment ,95.0
TRN-9072,CUST-1148,STO-03,EMP-0301,PROMO-00,Debit Card,325.0
TRN-9073, CUST-1013 ,STO-02,EMP-0203,PROMO-01,Mobile Payment,353.6
TRN-9074,CUST-1041,STO-03,EMP-0303,PROMO-00,Mobile Payment,224.0
TRN-9075, CUST-1124 ,STO-03, EMP-0301 ,PROMO-00, Credit Card ,725.0
TRN-9076,CUST-1145,STO-02,EMP-0204,PROMO-00,Credit Card,291.0
TRN-9077,CUST-1146,STO-04,EMP-0403,PROMO-01,Debit Card,488.75
TRN-9078,CUST-1007,STO-03,EMP-0301,PROMO-01,Debit Card,606.9
TRN-9079,CUST-1026,STO-04,EMP-0405,PROMO-00,Debit Card,376.0
TRN-9080,CUST-1198,STO-02,EMP-0204,PROMO-00,Mobile Payment,339.0
TRN-9081,CUST-1085,STO-01,EMP-0102,PROMO-00,Credit Card,145.0
TRN-9082,CUST-1061,STO-04,EMP-0402,PROMO-00, Debit Card ,576.0
TRN-9083,CUST-1099,STO-03,EMP-0305,PROMO-00,Debit Card,340.0
TRN-9084,CUST-1020,STO-03,EMP-0301,PROMO-00,Debit Card,394.4
TRN-9085,CUST-1034,STO-02,EMP-0203,PROMO-00,Cash,340.0
TRN-9086,CUST-1133,STO-01,EMP-0102,PROMO-00,Debit Card,664.0
TRN-9014,CUST-1181,STO-03,EMP-0303,PROMO-00,Cash,280.0
TRN-9088,CUST-1199,STO-01,EMP-0105,PROMO-01,Debit Card,123.25
 TRN-9089 ,CUST-1138,STO-04,EMP-0405,PROMO-00, Debit Card ,364.0
TRN-9090,CUST-1102,STO-03,EMP-0303,PROMO-00,Mobile Payment,150.0
TRN-9091,CUST-1029,STO-03,EMP-0304,PROMO-03,Mobile Payment,131.1
TRN-9092,CUST-1009,STO-01, EMP-0101 ,PROMO-03,Debit Card,531.05
TRN-9093,CUST-1082,STO-02,EMP-0205,PROMO-03,Debit Card,129.2
TRN-9094,CUST-1121,STO-01,EMP-0103,PROMO-00,Cash,280.0
TRN-9095,CUST-1046,STO-02,EMP-0204,PROMO-01,Debit Card,701.25
TRN-9096,CUST-1157,STO-03,EMP-0303,PROMO-02,Mobile Payment,340.0
TRN-9097,CUST-1042,STO-04,EMP-0405,PROMO-00,Cash,136.0
TRN-9098,CUST-1135,STO-03,EMP-0302,PROMO-00,Cash,465.0
TRN-9099,CUST-1144,STO-04,EMP-0404,PROMO-03,Cash,66.5
TRN-9100,CUST-1113,STO-04,EMP-0402,PROMO-00,Credit Card,270.0
TRN-9101,CUST-1178,STO-01,EMP-0101,PROMO-01,Credit Card,233.75
TRN-9102,CUST-1025,STO-04,EMP-0404,PROMO-00,Credit Card,474.0
TRN-9103,CUST-1093,STO-04,EMP-0403,PROMO-03,Debit Card,199.5
TRN-9104, CUST-1055 ,STO-04,EMP-0403,PROMO-02,Credit Card,562.5
TRN-9014,CUST-1029,STO-03,EMP-0302,PROMO-03,Credit Card,227.05
 TRN-9106 ,CUST-1007,STO-02,EMP-0203,PROMO-01,Mobile Payment,173.4
TRN-9107,CUST-1118,STO-02,EMP-0202,PROMO-00, Cash ,385.0
TRN-9108,CUST-1019,STO-02,EMP-0203,PROMO-03,Cash,442.7
TRN-9109,CUST-1124,STO-03,EMP-0302,PROMO-00, Credit Card ,195.0
TRN-9110,CUST-1085,STO-02,EMP-0201,PROMO-03,Debit Card,456.0
TRN-9112, CUST-1086 ,STO-03,EMP-0303,PROMO-00,Debit Card,429.0
TRN-9113,CUST-1126,STO-04,EMP-0403,PROMO-02,Cash,311.4
TRN-9114,CUST-1007,STO-01,EMP-0103,PROMO-00,Mobile Payment,480.0
 TRN-9115 ,CUST-1063,STO-04,EMP-0404,PROMO-02,Mobile Payment,261.0
TRN-9116,CUST-1096,STO-01,EMP-0105,PROMO-02,Debit Card,49.5
TRN-9117,CUST-1096,STO-03,EMP-0301,PROMO-00,Mobile Payment,414.0
TRN-9118,CUST-1079,STO-02,EMP-0202,PROMO-00,Mobile Payment,481.0
TRN-9119,CUST-1084,STO-01,EMP-0104,PROMO-00,Debit Card,50.0
TRN-9120,CUST-1077,STO-01,EMP-0102,PROMO-00,Credit Card,108.0
TRN-9121,CUST-1025,STO-01,EMP-0102,PROMO-03,Credit Card,351.5
 TRN-9122 ,CUST-1009,STO-03,EMP-0304,PROMO-03,Cash,369.55
TRN-9123,CUST-1050,STO-03,EMP-0301,PROMO-03,Debit Card,171.0
TRN-9124, CUST-1022 ,STO-04,EMP-0405,PROMO-00,Mobile Payment,384.0
TRN-9125,CUST-1092,STO-01,EMP-0104,PROMO-02, Credit Card ,202.5
TRN-9126,CUST-1104,STO-02,EMP-0205,PROMO-00,Cash,562.0
 TRN-9127 ,CUST-1162,STO-02,EMP-0201,PROMO-00,Cash,340.0
TRN-9129,CUST-1144, STO-03 ,EMP-0301,PROMO-00,Debit Card,595.0
TRN-9130,CUST-1146,STO-01,EMP-0102,PROMO-00, Debit Card ,42.5
TRN-9131,CUST-1017,STO-01,EMP-0103,PROMO-00,Credit Card,240.0
TRN-9132,CUST-1189,STO-01,EMP-0104,PROMO-00,Mobile Payment,624.0
TRN-9133,CUST-1085,STO-01,EMP-0103,PROMO-00,Cash,340.0
TRN-9014,CUST-1193,STO-04,EMP-0403,PROMO-02,Debit Card,340.0
TRN-9135,CUST-1007,STO-02,EMP-0204,PROMO-03,Cash,415.15
TRN-9136,CUST-1017,STO-01,EMP-0105,PROMO-00,Cash,160.0
TRN-9137,CUST-1090,STO-02,EMP-0205,PROMO-00,Debit Card,80.0
TRN-9138,CUST-1128,STO-03,EMP-0301,PROMO-00,Debit Card,589.0
TRN-9139,CUST-1168,STO-02, EMP-0201 ,PROMO-01,Mobile Payment,408.0
TRN-9140,CUST-1003,STO-03,EMP-0302,PROMO-01,Mobile Payment,325.55
TRN-9141, CUST-1174 ,STO-01,EMP-0102,PROMO-02,Credit Card,63.0
TRN-9142,CUST-1033,STO-02,EMP-0204,PROMO-01,Credit Card,59.5
TRN-9143,CUST-1055,STO-03,EMP-0304,PROMO-00,Credit Card,340.0
TRN-9144,CUST-1153,STO-02,EMP-0201,PROMO-00,Debit Card,110.0
TRN-9145,CUST-1122,STO-03,EMP-0304,PROMO-00,Cash,295.0
TRN-9146,CUST-1102,STO-02,EMP-0201,PROMO-00,Mobile Payment,371.0
TRN-9147,CUST-1095,STO-04,EMP-0401,PROMO-00,Mobile Payment,445.0
TRN-9148,CUST-1023,STO-02,EMP-0202,PROMO-00,Credit Card,290.0
TRN-9149,CUST-1019,STO-04,EMP-0402,PROMO-00,Credit Card,400.0
TRN-9150,CUST-1079,STO-03,EMP-0302, PROMO-00 ,Cash,332.0
TRN-9151,CUST-1007,STO-03,EMP-0303,PROMO-00,Cash,50.0
TRN-9152,CUST-1147,STO-04,EMP-0401,PROMO-00,Cash,310.0
TRN-9153,CUST-1053,STO-04,EMP-0403,PROMO-00,Mobile Payment,394.0
TRN-9154,CUST-1048,STO-03,EMP-0303,PROMO-02,Debit Card,444.6
TRN-9155,CUST-1146,STO-04,EMP-0403,PROMO-00,Debit Card,286.0
TRN-9156,CUST-1045,STO-04,EMP-0402,PROMO-00,Credit Card,168.0
TRN-9157,CUST-1070,STO-01,EMP-0103, PROMO-02 ,Mobile Payment,361.8
TRN-9158,CUST-1187,STO-03,EMP-0301,PROMO-02,Mobile Payment,225.0
TRN-9159,CUST-1029,STO-02,EMP-0204, PROMO-00 ,Mobile Payment,286.0
TRN-9160,CUST-1170,STO-03,EMP-0303,PROMO-01,Cash,59.5
TRN-9161,CUST-1142,STO-01,EMP-0103,PROMO-00,Credit Card,575.0
TRN-9162,CUST-1040,STO-03,EMP-0303,PROMO-00,Credit Card,470.0
TRN-9164,CUST-1173,STO-03,EMP-0301,PROMO-00, Cash ,323.0
TRN-9165,CUST-1050,STO-02,EMP-0204,PROMO-00,Debit Card,210.0
TRN-9166, CUST-1071 ,STO-04,EMP-0405,PROMO-00,Cash,636.0
TRN-9167,CUST-1180,STO-04,EMP-0402,PROMO-00,Mobile Payment,55.0
TRN-9168,CUST-1162,STO-03,EMP-0304,PROMO-00,Cash,414.0
TRN-9169, CUST-1038 ,STO-03,EMP-0303, PROMO-00 ,Debit Card,451.0
TRN-9170,CUST-1131, STO-03 ,EMP-0301,PROMO-00,Credit Card,340.0
TRN-9171,CUST-1134,STO-01,EMP-0103,PROMO-00,Mobile Payment,345.0
TRN-9172,CUST-1090, STO-04 ,EMP-0403,PROMO-00,Mobile Payment,506.0
TRN-9173,CUST-1171,STO-03,EMP-0304,PROMO-00,Debit Card,165.0
TRN-9174,CUST-1128,STO-04,EMP-0405,PROMO-03,Cash,61.75
TRN-9175, CUST-1099 ,STO-01,EMP-0101,PROMO-00,Mobile Payment,678.0
TRN-9176,CUST-1061,STO-04,EMP-0403,PROMO-00,Cash,810.0
TRN-9177,CUST-1092,STO-01,EMP-0201,PROMO-00,Mobile Payment,168.0
TRN-9178,CUST-1023,STO-03,EMP-0301,PROMO-02,Credit Card,468.9
TRN-9179,CUST-1145, STO-02 ,EMP-0205,PROMO-00,Mobile Payment,635.0
TRN-9180,CUST-1059,STO-01,EMP-0103,PROMO-00,Cash,555.0
TRN-9181,CUST-1177,STO-04,EMP-0403,PROMO-00,Debit Card,731.0
TRN-9182,CUST-1142,STO-03,EMP-0305,PROMO-01,Credit Card,127.5
TRN-9183,CUST-1058,STO-04, EMP-0405 , PROMO-00 ,Debit Card,585.0
TRN-9184,CUST-1100,STO-04,EMP-0402,PROMO-03,Cash,66.5
TRN-9185,CUST-1054,STO-04,EMP-0402,PROMO-00,Cash,570.0
TRN-9186,CUST-1171,STO-03,EMP-0303,PROMO-01,Credit Card,403.75
TRN-9188,CUST-1141,STO-03,EMP-0302,PROMO-00,Cash,550.0
TRN-9189,CUST-1109,STO-03,EMP-0201,PROMO-01,Credit Card,331.5
TRN-9190,CUST-1191,STO-04,EMP-0401,PROMO-00,Debit Card,128.0
TRN-9191,CUST-1104,STO-03,EMP-0304,PROMO-00,Cash,290.0
TRN-9192, CUST-1127 ,STO-04,EMP-0304,PROMO-03,Cash,152.0
TRN-9193,CUST-1091,STO-02,EMP-0202,PROMO-02, Credit Card ,148.5
TRN-9194,CUST-1113,STO-04,EMP-0401,PROMO-01,Cash,365.5
TRN-9195,CUST-1099,STO-01,EMP-0103,PROMO-00,Credit Card,295.0
TRN-9196,CUST-1081,STO-03,EMP-0303,PROMO-00,Mobile Payment,499.0
TRN-9197,CUST-1098,STO-02,EMP-0205,PROMO-01,Mobile Payment,110.5
TRN-9198,CUST-1122,STO-04,EMP-0401,PROMO-00,Mobile Payment,585.0
TRN-9199,CUST-1007,STO-02,EMP-0201,PROMO-01,Cash,355.3
TRN-9200,CUST-1016,STO-02,EMP-0205,PROMO-01,Mobile Payment,318.75
TRN-9201,CUST-1190,STO-03,EMP-0304,PROMO-00,Cash,430.0
TRN-9202,CUST-1024,STO-02,EMP-0201,PROMO-03,Mobile Payment,340.0
TRN-9203,CUST-1187, STO-01 ,EMP-0104,PROMO-03,Debit Card,80.75
TRN-9204,CUST-1136,STO-02,EMP-0202,PROMO-00,Cash,152.0
TRN-9205,CUST-1164,STO-04,EMP-0401,PROMO-02,Cash,331.2
TRN-9206,CUST-1177,STO-04,EMP-0401,PROMO-00,Debit Card,160.0
TRN-9207,CUST-1191,STO-01,EMP-0105,PROMO-00,Debit Card,474.0
TRN-9208,CUST-1049,STO-01,EMP-0101,PROMO-00,Debit Card,584.0
TRN-9209,CUST-1011,STO-01,EMP-0105,PROMO-00,Debit Card,369.0
TRN-9210,CUST-1135,STO-03,EMP-0302,PROMO-00,Debit Card,340.0
TRN-9211,CUST-1069,STO-03, EMP-0303 ,PROMO-00,Mobile Payment,174.0
TRN-9212,CUST-1120,STO-01,EMP-0102,PROMO-02,Credit Card,247.5
TRN-9213,CUST-1001,STO-04,EMP-0403,PROMO-01,Credit Card,276.25
TRN-9214,CUST-1130,STO-01,EMP-0103,PROMO-00,Debit Card,775.0
TRN-9215,CUST-1159,STO-02,EMP-0202,PROMO-00,Debit Card,564.0
TRN-9216,CUST-1176,STO-02,EMP-0202,PROMO-02,Debit Card,684.0
TRN-9217,CUST-1167,STO-03,EMP-0301,PROMO-00,Mobile Payment,730.0
TRN-9218,CUST-1148,STO-04,EMP-0403,PROMO-00,Mobile Payment,340.0
TRN-9219,CUST-1176,STO-02,EMP-0203,PROMO-00, Credit Card ,500.0
TRN-9220,CUST-1163,STO-01,EMP-0104,PROMO-00,Debit Card,340.0
TRN-9221,CUST-1198,STO-01,EMP-0105,PROMO-00,Credit Card,142.5
TRN-9222,CUST-1001,STO-03,EMP-0303,PROMO-03,Credit Card,104.5
TRN-9224,CUST-1162,STO-03,EMP-0302,PROMO-00,Mobile Payment,289.0
TRN-9225,CUST-1042,STO-02,EMP-0201,PROMO-00, Credit Card ,310.0
TRN-9226,CUST-1170,STO-02,EMP-0202,PROMO-00,Mobile Payment,160.0
TRN-9227,CUST-1155,STO-02,EMP-0201,PROMO-03,Credit Card,121.6
TRN-9228,CUST-1040,STO-04, EMP-0403 ,PROMO-00,Cash,336.0
TRN-9229,CUST-1097,STO-03,EMP-0302,PROMO-00,Debit Card,245.0
TRN-9230, CUST-1115 ,STO-03,EMP-0305,PROMO-00,Cash,204.0
TRN-9231,CUST-1006,STO-04,EMP-0401,PROMO-00,Mobile Payment,430.0
TRN-9232,CUST-1041,STO-03,EMP-0304,PROMO-00,Cash,130.0
TRN-9233,CUST-1007,STO-02,EMP-0202,PROMO-00,Debit Card,335.0
TRN-9234,CUST-1043,STO-03,EMP-0303,PROMO-02,Mobile Payment,153.0
TRN-9235,CUST-1159,STO-02,EMP-0201,PROMO-00,Mobile Payment,50.0
TRN-9236,CUST-1084,STO-03,EMP-0303, PROMO-00 ,Mobile Payment,385.0
TRN-9014, CUST-1064 ,STO-02,EMP-0201, PROMO-00 , Mobile Payment ,260.0
TRN-9238,CUST-1064,STO-04,EMP-0404,PROMO-00,Debit Card,604.0
TRN-9239,CUST-1194,STO-04,EMP-0403,PROMO-00,Debit Card,342.0
TRN-9240,CUST-1147,STO-01,EMP-0103,PROMO-00,Debit Card,60.0
TRN-9241,CUST-1008,STO-04,EMP-0302,PROMO-01,Cash,136.0
TRN-9242,CUST-1190,STO-04,EMP-0403,PROMO-00,Debit Card,126.0
TRN-9243,CUST-1015,STO-03,EMP-0305,PROMO-00,Debit Card,401.0
TRN-9244,CUST-1132,STO-03, EMP-0302 , PROMO-00 ,Mobile Payment,530.0
TRN-9245,CUST-1060,STO-04,EMP-0401,PROMO-00,Cash,235.0
TRN-9246,CUST-1112,STO-04,EMP-0402,PROMO-00, Credit Card ,330.0
TRN-9247,CUST-1114,STO-02,EMP-0202,PROMO-00,Credit Card,493.0
TRN-9248,CUST-1143,STO-04,EMP-0402,PROMO-00,Cash,130.0
 TRN-9249 ,CUST-1037,STO-03,EMP-0305,PROMO-00,Mobile Payment,398.0
TRN-9250,CUST-1084, STO-04 ,EMP-0405,PROMO-01,Mobile Payment,568.65
TRN-9251,CUST-1132,STO-03,EMP-0301,PROMO-01,Debit Card,212.5
TRN-9252,CUST-1163,STO-01,EMP-0104,PROMO-00,Debit Card,340.0
TRN-9253,CUST-1103,STO-03,EMP-0303,PROMO-00,Credit Card,285.0
TRN-9254,CUST-1104,STO-01,EMP-0101,PROMO-00,Credit Card,550.0
TRN-9255,CUST-1030,STO-04,EMP-0403,PROMO-00,Cash,400.0
TRN-9256,CUST-1081,STO-02,EMP-0204,PROMO-00,Mobile Payment,620.0
TRN-9257,CUST-1060,STO-01,EMP-0103,PROMO-00,Debit Card,345.0
TRN-9258,CUST-1111,STO-04,EMP-0405,PROMO-00,Cash,340.0
TRN-9259,CUST-1074,STO-02, EMP-0204 ,PROMO-02,Cash,156.6
TRN-9260,CUST-1141,STO-03,EMP-0303,PROMO-00,Cash,100.0
TRN-9261,CUST-1188,STO-02,EMP-0201,PROMO-00,Credit Card,195.0
TRN-9262,CUST-1116,STO-03,EMP-0305,PROMO-00,Mobile Payment,390.0
TRN-9263,CUST-1059,STO-01,EMP-0102,PROMO-02,Mobile Payment,162.0
TRN-9264,CUST-1118,STO-01,EMP-0103,PROMO-02,Cash,369.0
TRN-9265,CUST-1036,STO-04,EMP-0104,PROMO-00,Credit Card,395.0
TRN-9266,CUST-1093,STO-02,EMP-0204,PROMO-00,Mobile Payment,210.0
TRN-9267,CUST-1095,STO-02,EMP-0201,PROMO-00,Debit Card,600.0
TRN-9268, CUST-1115 ,STO-03,EMP-0302,PROMO-03,Cash,90.25
TRN-9269,CUST-1071,STO-04,EMP-0404,PROMO-00,Credit Card,384.0
TRN-9270,CUST-1196,STO-02,EMP-0201,PROMO-00,Cash,174.0
TRN-9271,CUST-1048,STO-01,EMP-0101,PROMO-00,Debit Card,714.0
TRN-9272,CUST-1125,STO-01,EMP-0103,PROMO-00,Mobile Payment,694.0
TRN-9273,CUST-1067,STO-04,EMP-0402,PROMO-01,Cash,435.2
TRN-9274,CUST-1151,STO-04,EMP-0404,PROMO-00,Credit Card,510.0
TRN-9275,CUST-1024,STO-01,EMP-0101,PROMO-00,Credit Card,180.0
TRN-9276,CUST-1179,STO-04,EMP-0402,PROMO-02,Mobile Payment,211.5
TRN-9277,CUST-1112,STO-02,EMP-0201,PROMO-00,Credit Card,210.0
TRN-9278,CUST-1107,STO-01,EMP-0105,PROMO-00,Credit Card,136.0
TRN-9279,CUST-1054,STO-03,EMP-0305,PROMO-01,Cash,548.25
TRN-9280,CUST-1073,STO-04,EMP-0403,PROMO-00,Debit Card,258.0
TRN-9281,CUST-1106, STO-02 ,EMP-0205,PROMO-01, Credit Card ,272.0
TRN-9282,CUST-1193,STO-04,EMP-0105,PROMO-01,Mobile Payment,300.9
TRN-9283,CUST-1178, STO-01 ,EMP-0105,PROMO-00,Credit Card,350.0
TRN-9284,CUST-1087,STO-02,EMP-0205, PROMO-01 ,Credit Card,378.25
TRN-9285,CUST-1130,STO-02,EMP-0201,PROMO-00,Credit Card,180.0
TRN-9286,CUST-1049,STO-04,EMP-0405,PROMO-01,Cash,365.5
TRN-9287,CUST-1070, STO-03 ,EMP-0303,PROMO-00,Credit Card,284.0
TRN-9288,CUST-1071,STO-01,EMP-0102,PROMO-00, Credit Card ,489.0
TRN-9289,CUST-1030,STO-03,EMP-0305,PROMO-00,Debit Card,626.0
TRN-9290,CUST-1059,STO-02,EMP-0201,PROMO-03,Cash,61.75
TRN-9291,CUST-1170,STO-03,EMP-0301,PROMO-00,Cash,739.0
TRN-9292,CUST-1155,STO-01,EMP-0103,PROMO-03, Cash ,352.45
TRN-9293,CUST-1165,STO-01,EMP-0102,PROMO-00,Debit Card,340.0
TRN-9294,CUST-1011,STO-04,EMP-0404,PROMO-03,Credit Card,456.95
TRN-9295, CUST-1086 ,STO-03,EMP-0303,PROMO-02,Debit Card,193.5
TRN-9296,CUST-1114,STO-02,EMP-0202,PROMO-00,Cash,165.0
TRN-9297,CUST-1004,STO-03,EMP-0305,PROMO-00,Credit Card,340.0
TRN-9298,CUST-1105,STO-02, EMP-0202 ,PROMO-00, Credit Card ,609.0
 TRN-9299 ,CUST-1090,STO-01,EMP-0101,PROMO-03,Mobile Payment,76.0
TRN-9300,CUST-1102,STO-04,EMP-0304,PROMO-00,Credit Card,425.0
TRN-9301,CUST-1089,STO-04,EMP-0404,PROMO-03,Mobile Payment,541.5
TRN-9302,CUST-1045,STO-02,EMP-0201,PROMO-00,Debit Card,55.0
TRN-9303,CUST-1181,STO-04,EMP-0303,PROMO-02,Credit Card,76.5
TRN-9304,CUST-1019,STO-04,EMP-0405,PROMO-00,Credit Card,795.0
TRN-9305,CUST-1038,STO-01,EMP-0101,PROMO-00,Credit Card,450.0
TRN-9306,CUST-1011,STO-04,EMP-0403,PROMO-00,Cash,128.0
TRN-9307,CUST-1173, STO-04 ,EMP-0405,PROMO-00,Cash,80.0
TRN-9308,CUST-1042,STO-02,EMP-0203,PROMO-00,Debit Card,171.0
TRN-9310,CUST-1017,STO-04,EMP-0103,PROMO-00, Credit Card ,576.0
TRN-9311,CUST-1166,STO-01,EMP-0102,PROMO-00,Debit Card,595.0
TRN-9312,CUST-1192,STO-04,EMP-0403,PROMO-00,Debit Card,58.0
TRN-9313,CUST-1096,STO-01,EMP-0103,PROMO-02,Cash,274.5
TRN-9315,CUST-1007,STO-01,EMP-0101,PROMO-00,Credit Card,150.0
TRN-9316,CUST-1013,STO-02, EMP-0203 ,PROMO-00,Credit Card,789.0
TRN-9317,CUST-1053, STO-04 ,EMP-0405,PROMO-01,Credit Card,344.25
TRN-9317,CUST-1053,STO-04,EMP-0405,PROMO-01,Credit Card,344.25
TRN-9319, CUST-1056 ,STO-04,EMP-0401,PROMO-01,Cash,382.5
 TRN-9320 ,CUST-1004,STO-02,EMP-0203,PROMO-03, Credit Card ,271.7
TRN-9321,CUST-1083,STO-01,EMP-0101,PROMO-03,Mobile Payment,414.2
TRN-9322,CUST-1065,STO-01,EMP-0103,PROMO-02,Debit Card,405.9
TRN-9323,CUST-1125,STO-04,EMP-0403,PROMO-00,Mobile Payment,324.0
TRN-9324,CUST-1007,STO-02,EMP-0201,PROMO-00,Mobile Payment,276.0
TRN-9325,CUST-1084,STO-02,EMP-0204,PROMO-00,Mobile Payment,140.0
TRN-9326,CUST-1094, STO-02 ,EMP-0205,PROMO-01,Cash,55.25
TRN-9327,CUST-1090,STO-03,EMP-0303,PROMO-00,Cash,331.0
TRN-9328,CUST-1071,STO-03,EMP-0304,PROMO-00,Cash,740.0
TRN-9329,CUST-1053,STO-04,EMP-0401,PROMO-00,Debit Card,165.0
TRN-9330,CUST-1157,STO-01,EMP-0102,PROMO-01,Debit Card,446.25
TRN-9331,CUST-1183,STO-03,EMP-0302,PROMO-00,Cash,520.0
TRN-9332,CUST-1036,STO-04,EMP-0401,PROMO-00, Mobile Payment ,340.0
TRN-9333,CUST-1063,STO-04,EMP-0402,PROMO-02, Mobile Payment ,63.0
TRN-9334,CUST-1148,STO-01,EMP-0103,PROMO-00,Debit Card,340.0
TRN-9335,CUST-1136,STO-01,EMP-0105,PROMO-02,Cash,256.5
TRN-9336,CUST-1050,STO-03,EMP-0305,PROMO-00,Mobile Payment,275.0
TRN-9337,CUST-1053,STO-01,EMP-0103,PROMO-00,Cash,401.0
TRN-9338, CUST-1132 ,STO-03, EMP-0301 , PROMO-02 ,Debit Card,106.2
TRN-9339,CUST-1157,STO-04,EMP-0401, PROMO-00 ,Credit Card,250.0
TRN-9340,CUST-1089,STO-03,EMP-0301,PROMO-00,Cash,380.0
TRN-9341,CUST-1041,STO-01,EMP-0104,PROMO-00,Debit Card,340.0
TRN-9342,CUST-1193,STO-03,EMP-0302,PROMO-03,Mobile Payment,274.55
TRN-9343,CUST-1009, STO-03 ,EMP-0302,PROMO-00,Cash,690.0
TRN-9344,CUST-1139,STO-01,EMP-0104,PROMO-02,Mobile Payment,450.0
TRN-9345,CUST-1042,STO-02,EMP-0202,PROMO-00,Mobile Payment,80.0
TRN-9346,CUST-1181,STO-04,EMP-0104,PROMO-00,Debit Card,311.0
TRN-9347,CUST-1015,STO-04,EMP-0403,PROMO-03,Debit Card,55.1
TRN-9348,CUST-1052,STO-04,EMP-0405,PROMO-02,Cash,347.4
TRN-9349,CUST-1100,STO-01,EMP-0201, PROMO-00 ,Debit Card,640.0
TRN-9350,CUST-1158,STO-01, EMP-0101 ,PROMO-00,Cash,95.0
TRN-9351,CUST-1199,STO-01, EMP-0101 ,PROMO-03, Credit Card ,604.2
TRN-9352, CUST-1126 ,STO-02,EMP-0204,PROMO-00, Debit Card ,340.0
TRN-9353,CUST-1033,STO-02,EMP-0204,PROMO-00,Cash,715.0
TRN-9354,CUST-1152,STO-02,EMP-0201,PROMO-02,Mobile Payment,410.4
TRN-9355,CUST-1007,STO-01,EMP-0103,PROMO-00,Debit Card,286.0
TRN-9356,CUST-1099,STO-02,EMP-0201,PROMO-00,Mobile Payment,170.0
TRN-9357,CUST-1172,STO-04,EMP-0401,PROMO-02,Credit Card,153.9
TRN-9358,CUST-1145,STO-02,EMP-0201,PROMO-00,Debit Card,100.0
TRN-9359,CUST-1080,STO-04,EMP-0401,PROMO-03,Debit Card,169.1
TRN-9360,CUST-1090,STO-01,EMP-0105,PROMO-03,Cash,228.0
TRN-9361,CUST-1111,STO-04, EMP-0403 ,PROMO-03,Debit Card,66.5
TRN-9361,CUST-1111,STO-04,EMP-0403,PROMO-03,Debit Card,66.5
TRN-9363,CUST-1006,STO-02,EMP-0201,PROMO-03,Debit Card,674.5
TRN-9365,CUST-1066, STO-03 ,EMP-0301,PROMO-03,Debit Card,618.45
TRN-9366,CUST-1133,STO-04,EMP-0401,PROMO-00,Cash,354.0
TRN-9367,CUST-1035,STO-03,EMP-0302,PROMO-01,Debit Card,429.25
TRN-9368,CUST-1164,STO-04,EMP-0405, PROMO-00 ,Cash,449.0
TRN-9368,CUST-1164,STO-04,EMP-0405,PROMO-00,Cash,449.0
TRN-9370,CUST-1160,STO-04,EMP-0103,PROMO-00,Debit Card,174.0
TRN-9371,CUST-1197,STO-02,EMP-0204,PROMO-02,Cash,355.5
TRN-9372,CUST-1093,STO-03,EMP-0302,PROMO-00,Debit Card,270.0
TRN-9373,CUST-1043,STO-04,EMP-0401,PROMO-00, Cash ,545.0
TRN-9014,CUST-1043,STO-03,EMP-0301,PROMO-03,Mobile Payment,57.0
TRN-9374,CUST-1043,STO-03,EMP-0301,PROMO-03,Mobile Payment,57.0
 TRN-9376 ,CUST-1120,STO-03,EMP-0301,PROMO-03,Debit Card,475.0
TRN-9377,CUST-1084,STO-04,EMP-0404,PROMO-00,Cash,470.0
TRN-9377,CUST-1084,STO-04,EMP-0404,PROMO-00,Credit Card,470.0
TRN-9379,CUST-1198,STO-04,EMP-0403,PROMO-00,Credit Card,58.0
TRN-9380,CUST-1033,STO-04,EMP-0403,PROMO-00,Credit Card,226.0
TRN-9381,CUST-1011,STO-01,EMP-0101,PROMO-00,Debit Card,204.0
TRN-9382,CUST-1138,STO-04,EMP-0201,PROMO-00,Cash,310.0
TRN-9383,CUST-1054,STO-03,EMP-0303, PROMO-00 ,Mobile Payment,495.0
TRN-9384,CUST-1023,STO-01,EMP-0101,PROMO-00,Credit Card,490.0
TRN-9385,CUST-1035,STO-04,EMP-0403,PROMO-00,Cash,355.0
TRN-9386,CUST-1040,STO-01,EMP-0105,PROMO-00,Mobile Payment,135.0
TRN-9387,CUST-1155,STO-04,EMP-0405,PROMO-00,Cash,330.0
TRN-9388,CUST-1014,STO-02,EMP-0203,PROMO-00,Debit Card,500.0
 TRN-9389 ,CUST-1043,STO-03,EMP-0303,PROMO-01,Mobile Payment,442.85
TRN-9390,CUST-1014,STO-03,EMP-0303,PROMO-00,Cash,280.0
TRN-9391,CUST-1035,STO-03,EMP-0302,PROMO-00,Cash,165.0
TRN-9392,CUST-1184,STO-04,EMP-0204,PROMO-03,Credit Card,615.6
TRN-9393,CUST-1080,STO-04,EMP-0402,PROMO-00,Credit Card,464.0
TRN-9394,CUST-1022,STO-01,EMP-0103,PROMO-00,Mobile Payment,148.0
TRN-9395,CUST-1007,STO-03,EMP-0305,PROMO-02,Cash,247.5
TRN-9396,CUST-1136,STO-01,EMP-0102,PROMO-03,Mobile Payment,560.5
TRN-9397, CUST-1105 ,STO-04,EMP-0404,PROMO-02,Debit Card,272.7
TRN-9398,CUST-1163,STO-01,EMP-0102,PROMO-02,Credit Card,526.5
TRN-9399,CUST-1146,STO-04,EMP-0403,PROMO-00,Credit Card,174.0
TRN-9401,CUST-1054,STO-03,EMP-0302,PROMO-00,Credit Card,370.0
TRN-9403,CUST-1183,STO-02,EMP-0204,PROMO-01,Credit Card,340.0
TRN-9403,CUST-1183,STO-02,EMP-0204,PROMO-01,Credit Card,127.5
TRN-9405,CUST-1189,STO-03,EMP-0302,PROMO-00,Cash,85.0
TRN-9406,CUST-1184,STO-04,EMP-0404,PROMO-00,Credit Card,475.0
TRN-9407,CUST-1157,STO-02,EMP-0204,PROMO-00,Credit Card,540.0
TRN-9408,CUST-1051,STO-02, EMP-0202 ,PROMO-01,Cash,459.0
TRN-9409,CUST-1093,STO-02,EMP-0201,PROMO-00,Cash,375.0
TRN-9410,CUST-1078,STO-01,EMP-0102,PROMO-00, Mobile Payment ,58.0
TRN-9411,CUST-1128,STO-01,EMP-0102,PROMO-00,Credit Card,80.0
TRN-9412,CUST-1073,STO-04,EMP-0201,PROMO-02,Cash,426.6
TRN-9413,CUST-1010,STO-04,EMP-0402,PROMO-00,Mobile Payment,510.0
TRN-9414,CUST-1031,STO-01,EMP-0102,PROMO-00,Debit Card,374.0
TRN-9415,CUST-1018,STO-04,EMP-0401,PROMO-00, Debit Card ,55.0
TRN-9416,CUST-1130,STO-03,EMP-0302,PROMO-00,Debit Card,190.0
TRN-9417, CUST-1194 ,STO-02,EMP-0205,PROMO-03,Mobile Payment,64.6
 TRN-9418 ,CUST-1037,STO-01,EMP-0104,PROMO-00,Mobile Payment,475.0
TRN-9419,CUST-1075,STO-01,EMP-0105,PROMO-01,Cash,178.5
TRN-9420,CUST-1182,STO-03,EMP-0304,PROMO-00,Debit Card,255.0
TRN-9421,CUST-1152,STO-04,EMP-0405,PROMO-02,Debit Card,137.7
TRN-9422,CUST-1103,STO-01,EMP-0105,PROMO-00,Cash,65.0
TRN-9423,CUST-1086, STO-04 ,EMP-0404, PROMO-00 ,Credit Card,340.0
TRN-9424,CUST-1035,STO-03,EMP-0301,PROMO-00, Cash ,180.0
TRN-9425,CUST-1162,STO-03,EMP-0302,PROMO-00,Credit Card,430.0
TRN-9426,CUST-1080,STO-04,EMP-0401,PROMO-00,Mobile Payment,505.0
TRN-9427,CUST-1085,STO-02,EMP-0201,PROMO-02,Cash,459.0
TRN-9428,CUST-1145,STO-01,EMP-0101,PROMO-00, Credit Card ,150.0
TRN-9429,CUST-1007,STO-03,EMP-0304,PROMO-02,Cash,383.4
TRN-9430,CUST-1006,STO-04,EMP-0405,PROMO-03,Debit Card,352.45
TRN-9431,CUST-1101,STO-02,EMP-0201,PROMO-00,Debit Card,779.0
TRN-9432,CUST-1175,STO-04,EMP-0403,PROMO-01, Debit Card ,340.0
TRN-9433,CUST-1094,STO-03,EMP-0303,PROMO-00,Debit Card,366.0
TRN-9434,CUST-1158,STO-04,EMP-0402,PROMO-00,Cash,610.0
TRN-9435,CUST-1105,STO-01, EMP-0105 ,PROMO-00,Credit Card,593.0
TRN-9436,CUST-1110,STO-02,EMP-0205,PROMO-03,Cash,228.0
TRN-9437,CUST-1007,STO-03, EMP-0301 ,PROMO-01,Cash,340.0
TRN-9438,CUST-1105,STO-03,EMP-0201,PROMO-00,Credit Card,354.0
TRN-9014,CUST-1110,STO-04,EMP-0404,PROMO-00,Cash,190.0
TRN-9440,CUST-1038,STO-03,EMP-0305,PROMO-02,Mobile Payment,413.1
TRN-9441,CUST-1110,STO-03,EMP-0305,PROMO-02,Cash,558.0
TRN-9442,CUST-1008,STO-04,EMP-0405,PROMO-00,Mobile Payment,460.0
TRN-9443,CUST-1175,STO-03,EMP-0302,PROMO-00,Credit Card,485.0
TRN-9444,CUST-1081,STO-02,EMP-0204, PROMO-03 ,Cash,147.25
TRN-9445,CUST-1017,STO-02,EMP-0201,PROMO-03,Credit Card,431.3
TRN-9446,CUST-1011,STO-04,EMP-0404,PROMO-01, Credit Card ,413.1
TRN-9447,CUST-1089,STO-02,EMP-0203,PROMO-00,Cash,195.0
TRN-9448,CUST-1088,STO-03,EMP-0301,PROMO-02,Debit Card,110.7
TRN-9449,CUST-1172,STO-02,EMP-0204,PROMO-00,Cash,285.0
TRN-9450,CUST-1141,STO-03,EMP-0304,PROMO-00,Cash,794.0
TRN-9451,CUST-1100,STO-02,EMP-0205,PROMO-00,Credit Card,459.0
TRN-9452,CUST-1034,STO-01,EMP-0105,PROMO-00,Credit Card,450.0
 TRN-9453 ,CUST-1142,STO-03,EMP-0305,PROMO-00,Mobile Payment,85.0
TRN-9454,CUST-1178,STO-04,EMP-0401,PROMO-00,Mobile Payment,510.0
TRN-9014,CUST-1056,STO-02,EMP-0203,PROMO-01,Mobile Payment,174.25
TRN-9456,CUST-1066,STO-04,EMP-0405,PROMO-00,Credit Card,405.0
TRN-9457,CUST-1106,STO-03,EMP-0305,PROMO-00,Credit Card,445.0
TRN-9458,CUST-1007,STO-03,EMP-0301,PROMO-00,Cash,489.0
TRN-9459,CUST-1093,STO-02,EMP-0202,PROMO-00,Cash,65.0
TRN-9460,CUST-1146,STO-04,EMP-0404, PROMO-00 ,Cash,489.0
TRN-9461,CUST-1057,STO-03,EMP-0304,PROMO-00,Cash,538.0
TRN-9462,CUST-1160,STO-03,EMP-0304,PROMO-01,Cash,459.85
 TRN-9463 ,CUST-1195,STO-02,EMP-0202,PROMO-00,Mobile Payment,439.0
 TRN-9464 ,CUST-1013,STO-01,EMP-0103,PROMO-00,Credit Card,165.0
TRN-9465,CUST-1196,STO-02,EMP-0202,PROMO-00,Mobile Payment,365.0
TRN-9466,CUST-1073, STO-02 ,EMP-0204,PROMO-00,Debit Card,421.0
TRN-9467,CUST-1185,STO-01,EMP-0101,PROMO-00,Mobile Payment,266.0
TRN-9468,CUST-1171,STO-03,EMP-0304,PROMO-00,Debit Card,380.0
TRN-9469,CUST-1157,STO-01,EMP-0103,PROMO-00,Credit Card,541.0
TRN-9470,CUST-1118,STO-04,EMP-0402,PROMO-00,Mobile Payment,285.0
TRN-9471, CUST-1120 ,STO-04,EMP-0403,PROMO-00,Mobile Payment,174.0
TRN-9472,CUST-1031,STO-04,EMP-0401,PROMO-00, Debit Card ,315.0
TRN-9473,CUST-1111,STO-02,EMP-0205,PROMO-00,Cash,529.0
TRN-9474,CUST-1001,STO-03,EMP-0304, PROMO-00 ,Cash,50.0
TRN-9475,CUST-1007,STO-04,EMP-0404,PROMO-00, Mobile Payment ,650.0
TRN-9476,CUST-1004,STO-03, EMP-0304 ,PROMO-03,Debit Card,443.65
TRN-9477,CUST-1130,STO-03,EMP-0304,PROMO-00,Mobile Payment,605.0
TRN-9478,CUST-1133,STO-03,EMP-0302,PROMO-00,Mobile Payment,500.0
TRN-9479,CUST-1064,STO-03,EMP-0301,PROMO-03, Mobile Payment ,245.1
TRN-9480,CUST-1070,STO-01,EMP-0103,PROMO-00,Cash,123.0
TRN-9481,CUST-1050,STO-02,EMP-0203,PROMO-00,Cash,543.0
TRN-9014,CUST-1174,STO-04,EMP-0405,PROMO-00,Cash,355.0
TRN-9483,CUST-1171,STO-04,EMP-0401,PROMO-00,Credit Card,204.0
TRN-9484,CUST-1074,STO-02,EMP-0205,PROMO-00,Cash,320.0
 TRN-9485 ,CUST-1117,STO-03,EMP-0301,PROMO-00,Cash,60.0
TRN-9486,CUST-1032,STO-04,EMP-0405,PROMO-00,Credit Card,204.0
TRN-9487,CUST-1064,STO-01,EMP-0102,PROMO-00,Credit Card,320.0
TRN-9488,CUST-1143,STO-03, EMP-0305 ,PROMO-02,Mobile Payment,558.0
TRN-9489,CUST-1104,STO-03, EMP-0305 ,PROMO-03,Debit Card,393.3
 TRN-9490 ,CUST-1058,STO-04,EMP-0404,PROMO-00,Debit Card,430.0
TRN-9491,CUST-1097,STO-02,EMP-0201,PROMO-01,Credit Card,130.05
TRN-9492,CUST-1028,STO-02,EMP-0201,PROMO-00,Credit Card,270.0
TRN-9493,CUST-1095, STO-03 ,EMP-0304,PROMO-00,Cash,195.0
TRN-9494,CUST-1093,STO-03,EMP-0302,PROMO-00,Mobile Payment,575.0
TRN-9495,CUST-1155,STO-03,EMP-0302,PROMO-01,Cash,383.35
TRN-9496,CUST-1010,STO-04,EMP-0401,PROMO-00,Cash,305.0
TRN-9497,CUST-1007,STO-04,EMP-0403,PROMO-00,Mobile Payment,160.0
TRN-9498,CUST-1010,STO-03,EMP-0301,PROMO-00,Mobile Payment,195.0
TRN-9499,CUST-1170,STO-02,EMP-0203,PROMO-00,Credit Card,190.0
TRN-9500,CUST-1153,STO-02,EMP-0204,PROMO-00,Credit Card,439.0
TRN-9502,CUST-1051, STO-02 ,EMP-0201,PROMO-03,Debit Card,123.5
TRN-9503,CUST-1141, STO-04 ,EMP-0405,PROMO-00,Debit Card,165.0
TRN-9504,CUST-1007,STO-02,EMP-0204,PROMO-00,Debit Card,340.0
TRN-9505,CUST-1060,STO-01, EMP-0101 ,PROMO-00,Debit Card,314.0
TRN-9506,CUST-1070,STO-01, EMP-0104 ,PROMO-00,Mobile Payment,506.0
TRN-9507,CUST-1004,STO-02, EMP-0202 , PROMO-03 ,Debit Card,161.5
TRN-9508,CUST-1171,STO-02,EMP-0202,PROMO-00,Mobile Payment,468.0
TRN-9509,CUST-1158,STO-02,EMP-0204,PROMO-00,Debit Card,415.0
TRN-9510,CUST-1162,STO-01,EMP-0104,PROMO-00,Cash,388.0
TRN-9511,CUST-1100,STO-02,EMP-0201,PROMO-00,Debit Card,140.0
TRN-9512,CUST-1064,STO-04,EMP-0405,PROMO-03, Debit Card ,389.5
TRN-9513,CUST-1076,STO-04,EMP-0402, PROMO-00 ,Debit Card,70.0
TRN-9514,CUST-1007,STO-02,EMP-0203,PROMO-00,Cash,415.0
TRN-9514,CUST-1124,STO-02,EMP-0203,PROMO-00,Cash,415.0
TRN-9516,CUST-1045,STO-04,EMP-0402,PROMO-00,Cash,501.0
TRN-9517,CUST-1103,STO-01,EMP-0101,PROMO-01,Credit Card,212.5
TRN-9518,CUST-1167,STO-03,EMP-0304,PROMO-01,Credit Card,369.75
TRN-9519,CUST-1126,STO-03,EMP-0201,PROMO-00,Cash,378.0
TRN-9520,CUST-1089,STO-02,EMP-0203,PROMO-01,Cash,351.9
TRN-9521,CUST-1196,STO-02,EMP-0205,PROMO-00,Mobile Payment,286.0
TRN-9522,CUST-1157,STO-03,EMP-0301,PROMO-00, Debit Card ,375.0
TRN-9523,CUST-1076,STO-03,EMP-0303, PROMO-02 ,Debit Card,49.5
TRN-9524,CUST-1077,STO-03,EMP-0303,PROMO-00,Credit Card,210.0
TRN-9014,CUST-1162,STO-03,EMP-0303,PROMO-02,Credit Card,340.0
TRN-9526,CUST-1138,STO-04,EMP-0405,PROMO-00,Debit Card,339.0
TRN-9528,CUST-1154,STO-02,EMP-0202,PROMO-00,Mobile Payment,373.0
TRN-9529,CUST-1002, STO-01 ,EMP-0102,PROMO-00,Credit Card,270.0
TRN-9530,CUST-1002,STO-04,EMP-0404, PROMO-02 ,Credit Card,156.6
TRN-9531,CUST-1172,STO-01, EMP-0103 ,PROMO-01,Debit Card,470.9
TRN-9532,CUST-1033,STO-03,EMP-0304,PROMO-01,Debit Card,123.25
TRN-9533,CUST-1007,STO-03,EMP-0301,PROMO-00,Cash,578.0
TRN-9534,CUST-1050,STO-02,EMP-0202,PROMO-00,Mobile Payment,451.0
TRN-9535,CUST-1041,STO-01,EMP-0102,PROMO-01,Mobile Payment,136.0
TRN-9536,CUST-1007,STO-04,EMP-0305,PROMO-03,Mobile Payment,461.7
TRN-9537,CUST-1139,STO-01,EMP-0104,PROMO-00,Cash,376.0
TRN-9538,CUST-1098,STO-02,EMP-0205,PROMO-00,Cash,100.0
TRN-9539,CUST-1167,STO-04,EMP-0404,PROMO-00,Mobile Payment,195.0
TRN-9540,CUST-1108,STO-04,EMP-0403,PROMO-02,Credit Card,486.0
TRN-9014,CUST-1029, STO-03 ,EMP-0303,PROMO-00,Debit Card,55.0
TRN-9542,CUST-1054,STO-04,EMP-0401,PROMO-00,Mobile Payment,340.0
TRN-9543,CUST-1191,STO-02,EMP-0203,PROMO-00,Cash,381.0
TRN-9544,CUST-1099,STO-03, EMP-0304 ,PROMO-00,Credit Card,574.0
TRN-9545,CUST-1124,STO-02,EMP-0205,PROMO-02,Cash,468.0
TRN-9546,CUST-1036,STO-04,EMP-0105,PROMO-02,Credit Card,508.5
TRN-9014,CUST-1051,STO-02,EMP-0204,PROMO-00,Mobile Payment,340.0
TRN-9548,CUST-1059,STO-02,EMP-0201,PROMO-00,Cash,70.0
TRN-9549,CUST-1051,STO-01,EMP-0102,PROMO-00,Mobile Payment,190.0
TRN-9550,CUST-1045,STO-02, EMP-0202 ,PROMO-00,Cash,643.0
TRN-9551,CUST-1133,STO-04,EMP-0303,PROMO-00,Debit Card,559.0
TRN-9552,CUST-1079,STO-02,EMP-0205,PROMO-00,Mobile Payment,564.0
TRN-9553,CUST-1047,STO-04, EMP-0405 ,PROMO-00,Cash,245.0
TRN-9554, CUST-1076 ,STO-02,EMP-0203,PROMO-00,Debit Card,216.0
TRN-9555,CUST-1083,STO-03,EMP-0201,PROMO-01,Cash,386.75
TRN-9555,CUST-1083,STO-03,EMP-0304,PROMO-01,Debit Card,386.75
TRN-9557,CUST-1001,STO-01,EMP-0103,PROMO-00, Debit Card ,116.85
TRN-9558,CUST-1095,STO-03,EMP-0301,PROMO-00,Credit Card,435.0
TRN-9559,CUST-1178,STO-03,EMP-0301,PROMO-01,Mobile Payment,705.5
TRN-9560,CUST-1039,STO-02,EMP-0203,PROMO-00,Cash,228.0
TRN-9561,CUST-1078,STO-04,EMP-0403,PROMO-01,Credit Card,196.35
TRN-9562,CUST-1173,STO-01,EMP-0104,PROMO-02,Cash,563.4
TRN-9563,CUST-1076,STO-01,EMP-0103,PROMO-00,Cash,245.0
TRN-9564,CUST-1078,STO-04,EMP-0403,PROMO-00,Debit Card,540.0
TRN-9565,CUST-1129,STO-03,EMP-0304,PROMO-00,Credit Card,58.0
TRN-9567, CUST-1195 ,STO-03,EMP-0301,PROMO-00,Debit Card,310.0
TRN-9568,CUST-1143,STO-03,EMP-0301,PROMO-02,Mobile Payment,252.0
TRN-9569,CUST-1030,STO-02,EMP-0201,PROMO-00,Cash,735.0
TRN-9570,CUST-1185,STO-01,EMP-0102,PROMO-00,Cash,306.0
TRN-9571,CUST-1173,STO-04, EMP-0405 ,PROMO-00,Mobile Payment,445.0
TRN-9572,CUST-1153,STO-04,EMP-0404,PROMO-00,Cash,351.0
 TRN-9573 ,CUST-1084,STO-01,EMP-0101,PROMO-00,Debit Card,55.0
TRN-9574,CUST-1053,STO-03,EMP-0303,PROMO-00,Credit Card,350.0
 TRN-9575 ,CUST-1043,STO-02,EMP-0201,PROMO-00,Mobile Payment,555.0
TRN-9576,CUST-1085,STO-03,EMP-0302,PROMO-00, Debit Card ,550.0
TRN-9577,CUST-1130,STO-03,EMP-0301,PROMO-03,Mobile Payment,194.75
TRN-9578,CUST-1097,STO-02,EMP-0203,PROMO-01,Cash,217.6
TRN-9579,CUST-1099,STO-02,EMP-0201,PROMO-00,Mobile Payment,265.0
 TRN-9580 ,CUST-1050,STO-04,EMP-0405,PROMO-00,Mobile Payment,450.0
TRN-9581,CUST-1175,STO-02,EMP-0203,PROMO-00,Debit Card,100.0
TRN-9582,CUST-1157,STO-04,EMP-0401,PROMO-00,Cash,180.0
TRN-9583,CUST-1157,STO-03, EMP-0305 ,PROMO-00,Cash,675.0
TRN-9584,CUST-1075,STO-04,EMP-0401,PROMO-00, Credit Card ,216.0
TRN-9584,CUST-1075,STO-04,EMP-0401,PROMO-00,Credit Card,216.0
TRN-9586,CUST-1186,STO-02,EMP-0203, PROMO-00 ,Debit Card,228.0
TRN-9587,CUST-1038,STO-03,EMP-0302,PROMO-00,Mobile Payment,285.0
TRN-9588,CUST-1152,STO-02,EMP-0201,PROMO-00,Credit Card,495.0
TRN-9589,CUST-1007,STO-02,EMP-0205,PROMO-00,Credit Card,110.0
 TRN-9590 ,CUST-1054,STO-03,EMP-0305,PROMO-00,Mobile Payment,265.0
TRN-9591,CUST-1078,STO-03,EMP-0303,PROMO-00,Mobile Payment,130.0
TRN-9592,CUST-1007,STO-02,EMP-0204,PROMO-03,Debit Card,129.2
TRN-9593,CUST-1192,STO-03,EMP-0301,PROMO-00,Cash,195.0
TRN-9594,CUST-1008, STO-01 ,EMP-0102,PROMO-00,Credit Card,413.0
TRN-9595,CUST-1136,STO-01,EMP-0101,PROMO-00,Debit Card,451.0
TRN-9596,CUST-1063,STO-01,EMP-0104, PROMO-00 ,Credit Card,136.0
TRN-9597, CUST-1185 ,STO-03,EMP-0303,PROMO-02,Cash,396.0
TRN-9597,CUST-1185,STO-03,EMP-0303,PROMO-02,Cash,396.0
 TRN-9599 ,CUST-1136,STO-04,EMP-0401,PROMO-00,Cash,539.0
TRN-9600,CUST-1028,STO-04,EMP-0403,PROMO-00,Credit Card,480.0
TRN-9602,CUST-1068,STO-01,EMP-0104,PROMO-02,Debit Card,405.0
TRN-9603,CUST-1173,STO-01,EMP-0104, PROMO-01 ,Credit Card,440.3
TRN-9604,CUST-1131,STO-04,EMP-0404,PROMO-00,Cash,340.0
TRN-9605,CUST-1187,STO-02,EMP-0201,PROMO-03,Debit Card,104.5
TRN-9606,CUST-1015,STO-03,EMP-0305,PROMO-00,Cash,316.0
TRN-9607,CUST-1146,STO-01,EMP-0105,PROMO-00,Debit Card,190.0
 TRN-9608 ,CUST-1103,STO-03,EMP-0201,PROMO-00,Mobile Payment,211.0
TRN-9609,CUST-1076,STO-04,EMP-0401,PROMO-00,Mobile Payment,620.0
TRN-9610,CUST-1007,STO-04,EMP-0402,PROMO-00,Cash,80.0
TRN-9611,CUST-1150,STO-03,EMP-0201,PROMO-00,Credit Card,253.0
TRN-9612,CUST-1196,STO-04,EMP-0101, PROMO-01 ,Debit Card,340.0
TRN-9613,CUST-1129,STO-04,EMP-0403,PROMO-00,Debit Card,255.0
TRN-9614,CUST-1023,STO-03,EMP-0301,PROMO-02,Credit Card,522.0
TRN-9615,CUST-1113,STO-04,EMP-0405,PROMO-00,Mobile Payment,368.1
TRN-9616,CUST-1021,STO-01,EMP-0101,PROMO-00,Credit Card,466.0
TRN-9617,CUST-1162,STO-04,EMP-0401,PROMO-00,Cash,475.0
TRN-9618,CUST-1108,STO-02,EMP-0205,PROMO-00,Mobile Payment,180.0
TRN-9619,CUST-1050,STO-01,EMP-0102,PROMO-00,Cash,65.0
TRN-9620,CUST-1142,STO-01,EMP-0103,PROMO-02,Cash,446.4
TRN-9621,CUST-1199,STO-02,EMP-0203,PROMO-00,Credit Card,340.0
TRN-9622,CUST-1186, STO-02 ,EMP-0201,PROMO-00,Mobile Payment,265.0
TRN-9623,CUST-1047,STO-03,EMP-0304,PROMO-00,Debit Card,550.0
TRN-9624,CUST-1064,STO-03,EMP-0305,PROMO-00,Cash,390.0
TRN-9625,CUST-1136,STO-03,EMP-0303,PROMO-00,Debit Card,330.0
TRN-9626,CUST-1143,STO-02,EMP-0202,PROMO-00,Cash,538.0
TRN-9627,CUST-1113,STO-04,EMP-0404,PROMO-00,Cash,95.0
TRN-9628,CUST-1087,STO-03,EMP-0303,PROMO-02,Debit Card,153.0
TRN-9629,CUST-1036, STO-02 ,EMP-0202, PROMO-03 ,Cash,646.95
TRN-9629,CUST-1036,STO-02,EMP-0202,PROMO-03,Cash,646.95
TRN-9631,CUST-1161,STO-04,EMP-0405,PROMO-00,Debit Card,148.0
 TRN-9632 ,CUST-1064,STO-02,EMP-0203,PROMO-00,Cash,95.0
 TRN-9633 , CUST-1183 ,STO-03,EMP-0302,PROMO-01,Debit Card,624.75
TRN-9014, CUST-1020 ,STO-01,EMP-0102,PROMO-01,Credit Card,250.75
TRN-9635,CUST-1196,STO-01,EMP-0104,PROMO-00,Cash,520.0
TRN-9636,CUST-1181,STO-04,EMP-0405,PROMO-00,Debit Card,198.0
TRN-9637,CUST-1125,STO-02,EMP-0201,PROMO-01,Debit Card,538.05
TRN-9638,CUST-1134,STO-03,EMP-0305,PROMO-00,Cash,605.0
TRN-9639,CUST-1136,STO-03,EMP-0303,PROMO-03,Cash,395.2
TRN-9640,CUST-1078,STO-01,EMP-0103,PROMO-00,Cash,409.0
TRN-9641,CUST-1177,STO-01,EMP-0104,PROMO-00,Cash,340.0
TRN-9642,CUST-1090,STO-01,EMP-0104,PROMO-01,Mobile Payment,288.15
TRN-9643,CUST-1198,STO-03,EMP-0304,PROMO-00,Mobile Payment,255.0
TRN-9644,CUST-1167,STO-04,EMP-0405,PROMO-03, Credit Card ,436.05
TRN-9645,CUST-1023, STO-03 ,EMP-0301,PROMO-02,Cash,106.2
TRN-9646,CUST-1175, STO-02 ,EMP-0204,PROMO-00,Credit Card,355.0
TRN-9647,CUST-1007,STO-03,EMP-0301,PROMO-00,Cash,780.0
TRN-9648,CUST-1082,STO-01,EMP-0201,PROMO-00,Mobile Payment,521.0
TRN-9649,CUST-1051,STO-01, EMP-0103 ,PROMO-00,Credit Card,165.0
TRN-9650,CUST-1005,STO-02,EMP-0205,PROMO-00,Credit Card,414.0
TRN-9014,CUST-1172,STO-04,EMP-0401,PROMO-02,Cash,198.0
TRN-9652,CUST-1074,STO-04,EMP-0402,PROMO-02, Mobile Payment ,486.0
TRN-9653,CUST-1107,STO-04,EMP-0404,PROMO-00,Credit Card,570.0
TRN-9654,CUST-1075,STO-01,EMP-0105,PROMO-00,Mobile Payment,186.0
TRN-9655,CUST-1154,STO-02,EMP-0203,PROMO-03,Credit Card,294.5
TRN-9656,CUST-1043,STO-02,EMP-0205,PROMO-00,Mobile Payment,190.0
TRN-9657,CUST-1088,STO-02,EMP-0201,PROMO-00,Debit Card,643.0
TRN-9658,CUST-1146,STO-02,EMP-0204,PROMO-00, Mobile Payment ,585.0
TRN-9659,CUST-1024,STO-04,EMP-0404,PROMO-00,Mobile Payment,474.0
TRN-9660, CUST-1121 ,STO-04,EMP-0104,PROMO-00,Cash,296.0
TRN-9661,CUST-1127,STO-02,EMP-0203,PROMO-02,Credit Card,315.0
TRN-9662,CUST-1068,STO-01,EMP-0105,PROMO-00,Credit Card,286.0
TRN-9663,CUST-1105,STO-04,EMP-0405,PROMO-00,Cash,180.0
TRN-9664,CUST-1095,STO-01,EMP-0103,PROMO-00,Cash,350.0
TRN-9665,CUST-1092,STO-03,EMP-0305,PROMO-00,Cash,423.0
 TRN-9666 ,CUST-1131,STO-04,EMP-0203,PROMO-01,Credit Card,357.85
TRN-9014,CUST-1002,STO-02,EMP-0203,PROMO-00,Cash,335.0
TRN-9668,CUST-1184,STO-04,EMP-0201,PROMO-00,Cash,333.0
TRN-9669,CUST-1007,STO-03,EMP-0201,PROMO-00,Debit Card,116.0
TRN-9670,CUST-1080,STO-03,EMP-0302,PROMO-00,Debit Card,735.0
TRN-9671,CUST-1031,STO-04,EMP-0201,PROMO-03,Debit Card,123.5
TRN-9672,CUST-1137,STO-03,EMP-0305,PROMO-00,Cash,795.0
TRN-9673,CUST-1023,STO-03,EMP-0304,PROMO-00,Mobile Payment,765.0
TRN-9674,CUST-1035,STO-04,EMP-0201,PROMO-00,Debit Card,416.0
TRN-9675,CUST-1157,STO-04,EMP-0403,PROMO-03,Credit Card,280.25
TRN-9677,CUST-1177,STO-04,EMP-0405,PROMO-02,Debit Card,189.0
TRN-9678,CUST-1193,STO-02,EMP-0201,PROMO-00,Cash,653.0
TRN-9679,CUST-1138,STO-01,EMP-0102,PROMO-00,Debit Card,174.0
TRN-9680,CUST-1181,STO-02,EMP-0205,PROMO-00,Mobile Payment,231.0
TRN-9681,CUST-1099,STO-01,EMP-0103,PROMO-00,Debit Card,210.0
TRN-9682,CUST-1016,STO-03,EMP-0305,PROMO-00,Credit Card,605.0
TRN-9684,CUST-1130,STO-04,EMP-0405,PROMO-02,Debit Card,189.0
TRN-9685,CUST-1124,STO-01,EMP-0104,PROMO-00,Cash,305.0
TRN-9014,CUST-1083,STO-02,EMP-0201,PROMO-00,Cash,208.0
TRN-9687,CUST-1127,STO-04,EMP-0402,PROMO-00,Cash,538.0
TRN-9688,CUST-1169,STO-03,EMP-0302,PROMO-00,Cash,402.0
TRN-9689,CUST-1168,STO-01,EMP-0103,PROMO-00,Credit Card,575.0
TRN-9690, CUST-1068 ,STO-01,EMP-0105,PROMO-00,Credit Card,275.0
TRN-9691,CUST-1075,STO-04,EMP-0405,PROMO-03,Debit Card,427.5
TRN-9692,CUST-1001,STO-03,EMP-0201,PROMO-00,Mobile Payment,68.0
 TRN-9693 ,CUST-1068,STO-04,EMP-0404,PROMO-01,Debit Card,93.5
TRN-9693,CUST-1068,STO-04,EMP-0404,PROMO-01,Debit Card,93.5
TRN-9695,CUST-1061,STO-03,EMP-0304,PROMO-02,Cash,340.0
TRN-9696,CUST-1005,STO-02,EMP-0205,PROMO-00,Mobile Payment,340.0
TRN-9014,CUST-1164,STO-04,EMP-0202,PROMO-00,Cash,110.0
TRN-9014,CUST-1159,STO-02,EMP-0205,PROMO-00,Debit Card,265.0
TRN-9699,CUST-1089,STO-03,EMP-0302,PROMO-01,Mobile Payment,170.0
 TRN-9700 ,CUST-1137,STO-04,EMP-0201,PROMO-00,Mobile Payment,540.0
TRN-9701,CUST-1190,STO-01,EMP-0102,PROMO-00,Mobile Payment,343.4
TRN-9702,CUST-1033,STO-02,EMP-0204,PROMO-02,Debit Card,263.7
TRN-9014,CUST-1003,STO-03,EMP-0303,PROMO-03,Credit Card,161.5
TRN-9705,CUST-1092,STO-04,EMP-0405,PROMO-00,Cash,285.0
TRN-9706,CUST-1113,STO-03,EMP-0302,PROMO-00,Mobile Payment,294.0
TRN-9707,CUST-1066,STO-04,EMP-0403,PROMO-02,Mobile Payment,162.0
TRN-9708,CUST-1028,STO-02,EMP-0204,PROMO-00,Debit Card,80.0
TRN-9709,CUST-1087,STO-02,EMP-0202,PROMO-01,Cash,168.3
TRN-9710,CUST-1080,STO-03,EMP-0301,PROMO-03,Credit Card,311.6
TRN-9711,CUST-1072,STO-04,EMP-0401,PROMO-00,Credit Card,136.0
TRN-9712,CUST-1199,STO-01,EMP-0105,PROMO-02,Mobile Payment,306.0
TRN-9713,CUST-1142,STO-04,EMP-0401,PROMO-01,Cash,144.5
TRN-9714,CUST-1145,STO-04,EMP-0405,PROMO-02,Mobile Payment,52.2
TRN-9715,CUST-1154,STO-04,EMP-0305,PROMO-00,Mobile Payment,285.0
TRN-9716,CUST-1197,STO-04,EMP-0401,PROMO-02,Debit Card,471.6
TRN-9717,CUST-1036,STO-02,EMP-0201,PROMO-03,Mobile Payment,332.5
TRN-9718,CUST-1054,STO-01,EMP-0103,PROMO-00,Cash,393.0
TRN-9719,CUST-1195,STO-02,EMP-0204,PROMO-00,Cash,420.0
TRN-9720,CUST-1116,STO-04,EMP-0104,PROMO-00,Credit Card,70.0
 TRN-9721 ,CUST-1196,STO-04,EMP-0405,PROMO-00,Debit Card,220.0
TRN-9722,CUST-1138,STO-04,EMP-0402,PROMO-02,Credit Card,693.0
TRN-9723,CUST-1166,STO-04,EMP-0405,PROMO-00,Cash,435.0
TRN-9725,CUST-1105,STO-04,EMP-0405,PROMO-00,Debit Card,340.0
TRN-9725,CUST-1105,STO-04,EMP-0405,PROMO-00,Debit Card,170.0
TRN-9727,CUST-1062,STO-01,EMP-0105,PROMO-00,Credit Card,190.0
TRN-9728,CUST-1098,STO-04,EMP-0201,PROMO-02,Credit Card,117.0
TRN-9729,CUST-1173,STO-04,EMP-0405,PROMO-00,Cash,461.0
TRN-9730,CUST-1170,STO-02, EMP-0202 ,PROMO-02,Mobile Payment,175.5
TRN-9730,CUST-1170,STO-02,EMP-0202,PROMO-02,Mobile Payment,175.5
TRN-9732,CUST-1098,STO-01,EMP-0102,PROMO-01,Credit Card,361.25
TRN-9733,CUST-1056,STO-02,EMP-0201,PROMO-01,Credit Card,110.5
TRN-9734,CUST-1110, STO-04 ,EMP-0401,PROMO-00,Mobile Payment,68.0
TRN-9735,CUST-1100,STO-04,EMP-0401,PROMO-00,Cash,550.0
TRN-9736,CUST-1095,STO-01,EMP-0101,PROMO-00,Mobile Payment,269.0
TRN-9737,CUST-1101,STO-02,EMP-0203,PROMO-00,Debit Card,505.0
TRN-9739,CUST-1007,STO-04,EMP-0403,PROMO-03,Debit Card,312.55
TRN-9740,CUST-1131,STO-04, EMP-0401 ,PROMO-00,Mobile Payment,545.0
TRN-9740,CUST-1131,STO-04,EMP-0401,PROMO-00,Mobile Payment,545.0
TRN-9742,CUST-1096,STO-02,EMP-0202,PROMO-02,Cash,76.5
TRN-9743,CUST-1179,STO-02,EMP-0202,PROMO-01,Debit Card,340.0
TRN-9744,CUST-1119,STO-01,EMP-0103,PROMO-02,Credit Card,99.0
TRN-9745,CUST-1037,STO-04,EMP-0402,PROMO-00,Cash,95.0
TRN-9746,CUST-1143,STO-04,EMP-0403,PROMO-00,Mobile Payment,150.0
 TRN-9748 ,CUST-1072, STO-04 ,EMP-0404,PROMO-00,Cash,260.0
TRN-9749,CUST-1047,STO-03,EMP-0304,PROMO-00,Debit Card,449.0
TRN-9750,CUST-1138,STO-04,EMP-0302,PROMO-00,Cash,58.0
TRN-9751,CUST-1062,STO-03,EMP-0301,PROMO-00,Cash,455.0
TRN-9752,CUST-1193,STO-02,EMP-0201,PROMO-00,Mobile Payment,390.0
TRN-9753,CUST-1034,STO-01,EMP-0104,PROMO-00,Debit Card,174.0
TRN-9754,CUST-1007,STO-03,EMP-0301,PROMO-02,Credit Card,351.0
TRN-9755,CUST-1100,STO-02,EMP-0204,PROMO-00,Mobile Payment,180.0
TRN-9756,CUST-1196,STO-04,EMP-0101,PROMO-01,Debit Card,72.25
TRN-9757,CUST-1093, STO-03 , EMP-0304 ,PROMO-03,Debit Card,437.0
TRN-9758,CUST-1037,STO-03,EMP-0305,PROMO-00,Cash,437.0
TRN-9759,CUST-1164,STO-01,EMP-0101,PROMO-03,Credit Card,152.0
TRN-9760,CUST-1098,STO-04,EMP-0404,PROMO-00,Mobile Payment,260.0
TRN-9761,CUST-1114,STO-04,EMP-0401,PROMO-00,Mobile Payment,68.0
TRN-9762,CUST-1161,STO-04,EMP-0403,PROMO-02,Mobile Payment,634.5
TRN-9763,CUST-1181,STO-04,EMP-0201,PROMO-01,Cash,382.5
TRN-9764,CUST-1113,STO-02,EMP-0202,PROMO-03,Debit Card,312.55
TRN-9765,CUST-1070,STO-02,EMP-0204,PROMO-00,Cash,60.0
 TRN-9766 ,CUST-1155,STO-02,EMP-0201,PROMO-00,Mobile Payment,200.0
TRN-9767,CUST-1051,STO-04,EMP-0105,PROMO-03,Mobile Payment,242.25
TRN-9768,CUST-1084, STO-04 ,EMP-0405,PROMO-00,Cash,266.0
TRN-9769,CUST-1196,STO-04, EMP-0405 ,PROMO-00,Cash,500.0
TRN-9770, CUST-1040 ,STO-02,EMP-0204,PROMO-00, Debit Card ,809.0
TRN-9771, CUST-1006 , STO-02 ,EMP-0203, PROMO-00 ,Credit Card,120.0
TRN-9772,CUST-1172,STO-03,EMP-0304,PROMO-00,Cash,470.0
TRN-9773, CUST-1193 ,STO-02,EMP-0201,PROMO-00, Debit Card ,110.0
TRN-9774,CUST-1007,STO-04,EMP-0403,PROMO-00,Mobile Payment,324.0
 TRN-9775 ,CUST-1004,STO-01,EMP-0101,PROMO-01,Cash,544.0
TRN-9775,CUST-1004,STO-01,EMP-0101,PROMO-01,Cash,544.0
TRN-9777,CUST-1181,STO-02, EMP-0202 ,PROMO-00,Cash,380.0
TRN-9778,CUST-1055,STO-02,EMP-0201,PROMO-00,Credit Card,394.25
TRN-9779, CUST-1040 ,STO-01,EMP-0103,PROMO-00,Debit Card,310.0
TRN-9780,CUST-1002,STO-03,EMP-0201,PROMO-00,Cash,68.0
TRN-9781,CUST-1122,STO-02,EMP-0205,PROMO-00,Credit Card,220.0
TRN-9782,CUST-1133,STO-04,EMP-0403,PROMO-00,Credit Card,740.0
TRN-9783,CUST-1090,STO-02,EMP-0204,PROMO-00,Debit Card,656.0
TRN-9784,CUST-1125,STO-04,EMP-0405,PROMO-02,Debit Card,328.5
TRN-9014,CUST-1040,STO-03,EMP-0302,PROMO-00,Cash,650.0
TRN-9786,CUST-1173,STO-02,EMP-0205,PROMO-00,Cash,300.0
TRN-9787,CUST-1123,STO-04,EMP-0403,PROMO-00,Credit Card,370.0
TRN-9788,CUST-1165,STO-01,EMP-0102,PROMO-00,Cash,211.85
TRN-9789,CUST-1007,STO-01,EMP-0101,PROMO-00,Credit Card,280.0
TRN-9790,CUST-1039,STO-04,EMP-0402,PROMO-00,Credit Card,750.0
TRN-9791,CUST-1056,STO-03,EMP-0301,PROMO-00,Cash,340.0
TRN-9014,CUST-1143,STO-04,EMP-0402,PROMO-00,Credit Card,624.0
TRN-9793,CUST-1116,STO-03,EMP-0302,PROMO-03,Credit Card,64.6
TRN-9794,CUST-1102,STO-04,EMP-0405,PROMO-00,Credit Card,552.0
TRN-9795,CUST-1116,STO-04,EMP-0401,PROMO-00,Debit Card,130.0
TRN-9796,CUST-1148,STO-01,EMP-0104,PROMO-00,Mobile Payment,136.0
TRN-9797,CUST-1116,STO-01,EMP-0103,PROMO-00, Debit Card ,220.0
TRN-9798,CUST-1195,STO-03,EMP-0302,PROMO-01,Cash,225.25
TRN-9799,CUST-1183,STO-03,EMP-0301,PROMO-00,Cash,255.0
TRN-9801,CUST-1012,STO-03,EMP-0303,PROMO-00,Debit Card,430.0
 TRN-9802 ,CUST-1053,STO-02,EMP-0201,PROMO-00,Debit Card,95.0
TRN-9803,CUST-1016,STO-04,EMP-0404,PROMO-00,Mobile Payment,340.0
TRN-9804,CUST-1184,STO-04,EMP-0404,PROMO-00,Mobile Payment,133.0
TRN-9805,CUST-1005,STO-04,EMP-0403,PROMO-00,Cash,314.0
TRN-9806,CUST-1120,STO-01,EMP-0104,PROMO-00,Credit Card,415.0
TRN-9807,CUST-1194,STO-02,EMP-0203,PROMO-00,Cash,491.0
TRN-9808,CUST-1132,STO-02,EMP-0203,PROMO-01,Cash,80.75
TRN-9809,CUST-1191,STO-01,EMP-0104,PROMO-00,Cash,195.0
TRN-9810,CUST-1047,STO-03,EMP-0304,PROMO-02,Mobile Payment,209.7
TRN-9811,CUST-1184,STO-03,EMP-0301,PROMO-03,Cash,104.5
TRN-9812,CUST-1111,STO-01,EMP-0102,PROMO-00,Cash,326.0
TRN-9813,CUST-1116,STO-03,EMP-0304,PROMO-00,Mobile Payment,386.0
TRN-9814,CUST-1104,STO-04,EMP-0102,PROMO-00,Cash,168.0
TRN-9815,CUST-1065,STO-03,EMP-0302,PROMO-00,Debit Card,492.0
TRN-9014,CUST-1018,STO-03,EMP-0201,PROMO-03,Mobile Payment,470.25
TRN-9817,CUST-1097,STO-04,EMP-0404,PROMO-00,Cash,230.0
TRN-9818,CUST-1067,STO-04,EMP-0105,PROMO-00,Debit Card,105.0
TRN-9819,CUST-1108,STO-01,EMP-0105,PROMO-01,Credit Card,340.0
 TRN-9820 ,CUST-1013,STO-02,EMP-0203,PROMO-00,Cash,110.0
TRN-9821,CUST-1074,STO-02,EMP-0201,PROMO-00,Credit Card,793.0
TRN-9014,CUST-1002,STO-03,EMP-0303,PROMO-00,Credit Card,638.0
 TRN-9823 ,CUST-1054,STO-02,EMP-0205,PROMO-00,Credit Card,466.0
TRN-9824,CUST-1007,STO-02,EMP-0202,PROMO-00,Cash,363.0
TRN-9825,CUST-1151,STO-04,EMP-0402,PROMO-02,Debit Card,399.6
 TRN-9826 ,CUST-1165,STO-01,EMP-0201,PROMO-00,Mobile Payment,120.0
TRN-9827,CUST-1143,STO-02, EMP-0204 ,PROMO-01,Credit Card,573.75
 TRN-9828 ,CUST-1107,STO-03,EMP-0305,PROMO-03,Cash,292.6
TRN-9829,CUST-1194,STO-01,EMP-0105,PROMO-00,Cash,749.0
TRN-9830,CUST-1131,STO-01,EMP-0103,PROMO-00,Credit Card,458.0
TRN-9831,CUST-1148,STO-01,EMP-0105,PROMO-00, Credit Card ,208.0
 TRN-9832 ,CUST-1031,STO-03,EMP-0303,PROMO-00,Debit Card,65.0
TRN-9833,CUST-1120,STO-04,EMP-0404,PROMO-02,Mobile Payment,459.0
TRN-9834,CUST-1121,STO-03,EMP-0303,PROMO-00,Credit Card,130.0
TRN-9835,CUST-1066,STO-03,EMP-0305,PROMO-00,Credit Card,135.0
TRN-9014,CUST-1014,STO-03,EMP-0303,PROMO-00,Credit Card,675.0
TRN-9837,CUST-1007,STO-04,EMP-0401,PROMO-00,Debit Card,400.0
TRN-9838,CUST-1024,STO-04,EMP-0405,PROMO-00, Credit Card ,275.0
TRN-9839,CUST-1005,STO-04,EMP-0405,PROMO-00,Debit Card,450.0
TRN-9840,CUST-1153,STO-01,EMP-0104,PROMO-02, Mobile Payment ,340.0
TRN-9841,CUST-1071,STO-03,EMP-0302,PROMO-02,Cash,122.4
TRN-9842,CUST-1066,STO-04,EMP-0404,PROMO-00,Debit Card,596.0
TRN-9843,CUST-1159,STO-03,EMP-0301,PROMO-02,Cash,301.5
TRN-9844,CUST-1053,STO-02,EMP-0202,PROMO-00,Debit Card,100.0
TRN-9845,CUST-1041,STO-04,EMP-0403,PROMO-00,Cash,250.0
TRN-9014,CUST-1155,STO-02,EMP-0201,PROMO-00,Credit Card,486.0
TRN-9847,CUST-1033,STO-03,EMP-0304,PROMO-00,Debit Card,662.0
TRN-9848,CUST-1054,STO-04,EMP-0201,PROMO-00,Credit Card,533.0
TRN-9849,CUST-1086, STO-01 , EMP-0105 ,PROMO-00,Mobile Payment,495.0
TRN-9850,CUST-1126, STO-04 ,EMP-0403,PROMO-00,Debit Card,539.0
TRN-9851,CUST-1094,STO-02,EMP-0203,PROMO-02,Debit Card,122.4
TRN-9852,CUST-1131,STO-04,EMP-0405,PROMO-00,Debit Card,380.0
TRN-9853,CUST-1182,STO-03,EMP-0201,PROMO-02,Debit Card,122.4
TRN-9854,CUST-1026,STO-04,EMP-0404,PROMO-01,Cash,340.0
TRN-9855,CUST-1044,STO-03,EMP-0304,PROMO-02, Cash ,288.0
TRN-9856,CUST-1007,STO-03,EMP-0304,PROMO-02,Cash,360.0
TRN-9857,CUST-1001,STO-02, EMP-0205 ,PROMO-00,Mobile Payment,140.0
TRN-9858,CUST-1124,STO-04,EMP-0404, PROMO-00 ,Mobile Payment,317.0
TRN-9859,CUST-1122,STO-02,EMP-0201,PROMO-00,Cash,246.0
TRN-9860,CUST-1057,STO-03,EMP-0302,PROMO-01,Debit Card,361.25
TRN-9861,CUST-1028,STO-04, EMP-0401 ,PROMO-01,Debit Card,140.25
TRN-9014,CUST-1154,STO-02,EMP-0204,PROMO-00,Mobile Payment,626.0
TRN-9863,CUST-1088,STO-01,EMP-0101, PROMO-00 ,Cash,170.0
TRN-9864,CUST-1018,STO-01,EMP-0104,PROMO-00,Mobile Payment,340.0
TRN-9865,CUST-1189,STO-02,EMP-0202,PROMO-00,Debit Card,495.0
TRN-9866,CUST-1033,STO-04,EMP-0201,PROMO-00,Cash,350.0
TRN-9867,CUST-1184,STO-04,EMP-0201,PROMO-00,Debit Card,600.0
 TRN-9868 ,CUST-1009,STO-01,EMP-0101,PROMO-00,Cash,170.0
TRN-9869,CUST-1039,STO-01,EMP-0105,PROMO-03,Mobile Payment,161.5
TRN-9871,CUST-1187,STO-04,EMP-0405,PROMO-00,Debit Card,115.0
TRN-9872,CUST-1032,STO-01,EMP-0105,PROMO-00,Credit Card,50.0
TRN-9873,CUST-1188,STO-03,EMP-0201,PROMO-00,Cash,518.0
TRN-9873,CUST-1188,STO-03,EMP-0305,PROMO-00,Cash,518.0
TRN-9875,CUST-1141,STO-02,EMP-0205,PROMO-03,Cash,76.0
TRN-9876,CUST-1194,STO-01,EMP-0101,PROMO-03,Credit Card,340.0
TRN-9877,CUST-1150,STO-03,EMP-0305,PROMO-02,Mobile Payment,175.5
TRN-9878,CUST-1139,STO-03,EMP-0303,PROMO-00,Credit Card,465.0
TRN-9879,CUST-1068,STO-04,EMP-0403,PROMO-01,Debit Card,370.6
TRN-9881,CUST-1197,STO-01,EMP-0101,PROMO-01, Cash ,280.5
TRN-9882,CUST-1108,STO-01,EMP-0101,PROMO-00,Debit Card,298.0
 TRN-9883 ,CUST-1128,STO-03,EMP-0305,PROMO-00,Mobile Payment,408.0
TRN-9884,CUST-1122,STO-04,EMP-0405,PROMO-00,Credit Card,481.0
TRN-9885,CUST-1102,STO-02,EMP-0202,PROMO-00,Credit Card,470.0
TRN-9886, CUST-1088 ,STO-04,EMP-0403,PROMO-00,Debit Card,399.0
TRN-9887,CUST-1045,STO-02,EMP-0201,PROMO-00,Mobile Payment,348.0
TRN-9888,CUST-1013,STO-02,EMP-0205,PROMO-00,Credit Card,120.0
TRN-9889,CUST-1036,STO-02,EMP-0201,PROMO-00,Debit Card,369.0
TRN-9890,CUST-1007,STO-02,EMP-0203,PROMO-03,Credit Card,544.35
TRN-9891,CUST-1007,STO-02,EMP-0204,PROMO-00,Credit Card,449.0
TRN-9892,CUST-1071,STO-01,EMP-0101,PROMO-00,Cash,210.0
TRN-9893,CUST-1051,STO-01,EMP-0105,PROMO-00,Debit Card,405.0
TRN-9894,CUST-1122,STO-02,EMP-0204, PROMO-02 ,Cash,346.5
TRN-9895,CUST-1126,STO-02,EMP-0201,PROMO-00,Cash,290.0
TRN-9896,CUST-1198,STO-04,EMP-0404,PROMO-00,Credit Card,560.0
TRN-9897,CUST-1034, STO-02 ,EMP-0201,PROMO-00,Credit Card,255.0
TRN-9898,CUST-1038,STO-03,EMP-0304,PROMO-03, Debit Card ,357.2
TRN-9899,CUST-1100,STO-01, EMP-0104 ,PROMO-00,Mobile Payment,250.0
TRN-9899,CUST-1100,STO-01,EMP-0104,PROMO-00,Mobile Payment,250.0
TRN-9901,CUST-1024,STO-04,EMP-0401,PROMO-02,Credit Card,607.5
TRN-9903,CUST-1015,STO-01,EMP-0101,PROMO-02,Credit Card,85.5
TRN-9904,CUST-1064,STO-02,EMP-0201,PROMO-00,Cash,68.0
TRN-9905,CUST-1032,STO-01, EMP-0102 ,PROMO-00,Debit Card,355.0
TRN-9906,CUST-1043,STO-02,EMP-0202,PROMO-00,Mobile Payment,160.0
TRN-9907, CUST-1024 ,STO-03, EMP-0302 ,PROMO-01,Debit Card,164.9
TRN-9908, CUST-1034 ,STO-01, EMP-0102 ,PROMO-00,Credit Card,58.0
TRN-9909,CUST-1107,STO-02,EMP-0205,PROMO-01,Mobile Payment,93.5
TRN-9910,CUST-1037,STO-03,EMP-0303,PROMO-02,Mobile Payment,297.0
TRN-9911,CUST-1197,STO-04,EMP-0401,PROMO-01,Debit Card,425.0
TRN-9912,CUST-1118,STO-02,EMP-0203,PROMO-00,Debit Card,278.0
TRN-9913,CUST-1173,STO-01,EMP-0103,PROMO-00,Cash,80.0
 TRN-9914 ,CUST-1074,STO-04,EMP-0403,PROMO-00,Credit Card,70.0
TRN-9914,CUST-1074,STO-04,EMP-0403,PROMO-00,Credit Card,70.0
TRN-9916,CUST-1096,STO-03,EMP-0201,PROMO-00,Credit Card,285.0
TRN-9917,CUST-1007,STO-02,EMP-0204,PROMO-00,Cash,497.0
TRN-9918,CUST-1007,STO-04, EMP-0405 ,PROMO-00,Cash,515.0
 TRN-9919 ,CUST-1118,STO-02,EMP-0202,PROMO-03,Cash,313.5
TRN-9920,CUST-1190,STO-04,EMP-0403,PROMO-03,Debit Card,376.2
TRN-9014,CUST-1017,STO-04, EMP-0203 ,PROMO-00,Cash,354.0
TRN-9922,CUST-1096,STO-04,EMP-0402,PROMO-00,Credit Card,195.0
TRN-9923,CUST-1105,STO-02,EMP-0205,PROMO-00,Credit Card,180.0
TRN-9924,CUST-1140,STO-04,EMP-0302,PROMO-01,Mobile Payment,399.5
TRN-9925, CUST-1027 ,STO-04,EMP-0403,PROMO-00,Credit Card,330.0
TRN-9926,CUST-1178,STO-03,EMP-0301,PROMO-02,Cash,189.0
TRN-9927,CUST-1076,STO-01,EMP-0103,PROMO-00,Credit Card,405.0
TRN-9928,CUST-1054,STO-03,EMP-0301,PROMO-00,Debit Card,330.0
TRN-9929,CUST-1188,STO-02,EMP-0205,PROMO-00,Cash,340.0
TRN-9930,CUST-1007,STO-01,EMP-0104,PROMO-01,Cash,185.3
TRN-9931,CUST-1006,STO-02,EMP-0205,PROMO-02,Credit Card,283.5
TRN-9932,CUST-1156,STO-02,EMP-0203,PROMO-00,Cash,454.0
TRN-9933,CUST-1088,STO-02,EMP-0202,PROMO-00,Credit Card,809.0
 TRN-9934 ,CUST-1033,STO-01,EMP-0105,PROMO-00,Cash,380.0
TRN-9934,CUST-1033,STO-01,EMP-0105,PROMO-00,Mobile Payment,380.0
TRN-9936,CUST-1138,STO-01,EMP-0101,PROMO-00,Debit Card,140.0
TRN-9937,CUST-1095, STO-01 ,EMP-0105,PROMO-00,Credit Card,230.0
TRN-9937,CUST-1095,STO-01,EMP-0105,PROMO-00,Credit Card,230.0
 TRN-9939 ,CUST-1024,STO-04,EMP-0402,PROMO-00,Cash,399.5
TRN-9940,CUST-1044,STO-03,EMP-0305,PROMO-00,Cash,266.0
TRN-9941,CUST-1021,STO-02,EMP-0205,PROMO-00,Credit Card,231.0
TRN-9942,CUST-1169,STO-04,EMP-0402,PROMO-00,Debit Card,340.0
TRN-9943,CUST-1161,STO-01,EMP-0104,PROMO-01,Mobile Payment,59.5
TRN-9944,CUST-1053,STO-04,EMP-0403,PROMO-00,Mobile Payment,170.0
 TRN-9945 , CUST-1187 ,STO-01,EMP-0103,PROMO-00,Credit Card,203.0
TRN-9946,CUST-1183,STO-03,EMP-0302,PROMO-03,Cash,340.0
TRN-9947, CUST-1018 ,STO-01,EMP-0104,PROMO-00,Mobile Payment,340.0
 TRN-9948 ,CUST-1047,STO-02,EMP-0201,PROMO-00,Mobile Payment,296.0
TRN-9949,CUST-1016,STO-01,EMP-0104,PROMO-03,Credit Card,270.75
 TRN-9950 ,CUST-1071,STO-01,EMP-0101,PROMO-01,Cash,165.75
TRN-9951,CUST-1129,STO-01,EMP-0104,PROMO-00,Mobile Payment,260.0
TRN-9952,CUST-1085, STO-04 ,EMP-0405,PROMO-00,Credit Card,364.0
TRN-9953, CUST-1132 ,STO-02,EMP-0201,PROMO-02,Mobile Payment,108.0
TRN-9954,CUST-1179,STO-02, EMP-0204 ,PROMO-00,Cash,225.0
TRN-9955,CUST-1122,STO-01,EMP-0101,PROMO-00, Credit Card ,113.0
TRN-9014,CUST-1177,STO-01,EMP-0103,PROMO-00,Mobile Payment,408.0
TRN-9957,CUST-1007,STO-01,EMP-0101,PROMO-00,Credit Card,391.5
TRN-9958,CUST-1124,STO-02,EMP-0202,PROMO-00,Cash,160.0
TRN-9959,CUST-1140,STO-02,EMP-0205,PROMO-00, Debit Card ,374.0
TRN-9960,CUST-1146,STO-02,EMP-0205,PROMO-01,Cash,242.25
TRN-9014,CUST-1172,STO-04,EMP-0405,PROMO-00,Debit Card,100.0
TRN-9962,CUST-1122,STO-01,EMP-0201,PROMO-00,Credit Card,573.0
TRN-9963,CUST-1198,STO-02,EMP-0202,PROMO-01,Cash,510.0
TRN-9964,CUST-1090, STO-03 ,EMP-0302,PROMO-00, Mobile Payment ,578.0
TRN-9965,CUST-1190,STO-04,EMP-0401,PROMO-00,Cash,349.0
TRN-9966,CUST-1152,STO-03,EMP-0304,PROMO-02,Debit Card,340.0
TRN-9967,CUST-1007,STO-04,EMP-0404,PROMO-02,Cash,49.5
TRN-9969,CUST-1124,STO-02,EMP-0205,PROMO-02,Mobile Payment,340.0
TRN-9970,CUST-1107,STO-03,EMP-0303,PROMO-00,Mobile Payment,148.0
 TRN-9971 ,CUST-1077,STO-04,EMP-0405, PROMO-00 ,Debit Card,150.0
TRN-9972,CUST-1161,STO-01,EMP-0103,PROMO-00,Cash,225.0
TRN-9973,CUST-1136,STO-02,EMP-0205,PROMO-00,Debit Card,310.0
TRN-9974,CUST-1109,STO-04,EMP-0403,PROMO-00,Mobile Payment,346.0
TRN-9975, CUST-1193 ,STO-02,EMP-0201,PROMO-00,Credit Card,485.0
TRN-9976,CUST-1083,STO-01,EMP-0101,PROMO-03,Cash,456.0
TRN-9977,CUST-1096,STO-03,EMP-0301,PROMO-00,Debit Card,505.0
TRN-9978,CUST-1094,STO-03,EMP-0302,PROMO-00,Cash,664.0
TRN-9979,CUST-1093,STO-03,EMP-0303,PROMO-00,Credit Card,304.0
TRN-9980,CUST-1119,STO-01,EMP-0101,PROMO-00,Credit Card,684.0
TRN-9014,CUST-1197,STO-01,EMP-0102,PROMO-00, Mobile Payment ,400.0
TRN-9983,CUST-1101,STO-03,EMP-0302,PROMO-00, Mobile Payment ,550.0
TRN-9984,CUST-1092,STO-01,EMP-0103,PROMO-02,Cash,421.2
TRN-9985,CUST-1049, STO-02 ,EMP-0203,PROMO-00,Cash,400.0
TRN-9986,CUST-1080,STO-03,EMP-0301,PROMO-02,Credit Card,306.0
TRN-9987,CUST-1003,STO-04,EMP-0405,PROMO-00,Cash,195.5
TRN-9988,CUST-1008,STO-04,EMP-0401,PROMO-00,Debit Card,560.0
TRN-9989, CUST-1017 ,STO-03,EMP-0303,PROMO-00,Credit Card,645.0
TRN-9990,CUST-1110,STO-04,EMP-0101,PROMO-00,Debit Card,130.0
TRN-9991,CUST-1187,STO-03,EMP-0302,PROMO-00,Debit Card,196.0
TRN-9992,CUST-1023,STO-02,EMP-0204,PROMO-00, Cash ,361.0
TRN-9993,CUST-1088,STO-02,EMP-0201,PROMO-00,Debit Card,669.0
TRN-9994,CUST-1024,STO-03,EMP-0305,PROMO-00,Debit Card,841.0
TRN-9995,CUST-1070,STO-03,EMP-0301,PROMO-00,Credit Card,575.0
TRN-9997,CUST-1011,STO-01,EMP-0102,PROMO-00,Mobile Payment,180.0
TRN-9998,CUST-1053,STO-03,EMP-0303,PROMO-02,Mobile Payment,623.7
TRN-9999,CUST-1111,STO-01,EMP-0104, PROMO-03 ,Cash,222.3
TRN-10000,CUST-1116,STO-03,EMP-0302,PROMO-02,Debit Card,259.2
